U+1F600,ğŸ˜€,grinning face,2012,emoji,face; grin; person
U+1F601,ğŸ˜,grinning face with smiling eyes,2010,emoji,eye; face; grin; person; smile
U+1F602,ğŸ˜‚,face with tears of joy,2010,emoji,face; joy; person; tear
U+1F603,ğŸ˜ƒ,smiling face with open mouth,2010,emoji,face; mouth; open; person; smile
U+1F604,ğŸ˜„,smiling face with open mouth and smiling eyes,2010,emoji,eye; face; mouth; open; person; smile
U+1F605,ğŸ˜…,smiling face with open mouth and cold sweat,2010,emoji,cold; face; open; person; smile; sweat
U+1F606,ğŸ˜†,smiling face with open mouth and tightly-closed eyes,2010,emoji,face; laugh; mouth; open; person; satisfied; smile
U+1F609,ğŸ˜‰,winking face,2010,emoji,face; person; wink
U+1F60A,ğŸ˜Š,smiling face with smiling eyes,2010,emoji,blush; eye; face; person; smile
U+1F60B,ğŸ˜‹,face savouring delicious food,2010,emoji,delicious; face; food; person; savouring; smile; um; yum
U+1F60E,ğŸ˜,smiling face with sunglasses,2010,emoji,bright; cool; eye; eyewear; face; glasses; person; smile; sun;sunglasses; weather
U+1F60D,ğŸ˜,smiling face with heart-shaped eyes,2010,emoji,eye; face; heart; love; person; smile
U+1F618,ğŸ˜˜,face throwing a kiss,2010,emoji,face; heart; kiss; person
U+1F617,ğŸ˜—,kissing face,2012,emoji,face; kiss; person
U+1F619,ğŸ˜™,kissing face with smiling eyes,2012,emoji,eye; face; kiss; person; smile
U+1F61A,ğŸ˜š,kissing face with closed eyes,2010,emoji,closed; eye; face; kiss; person
U+263A,â˜ºï¸,white smiling face,1995,text,face; outlined; person; relaxed; smile
U+1F607,ğŸ˜‡,smiling face with halo,2010,emoji,angel; face; fairy tale; fantasy; halo; innocent; person; smile
U+1F610,ğŸ˜,neutral face,2010,emoji,deadpan; face; neutral; person
U+1F611,ğŸ˜‘,expressionless face,2012,emoji,expressionless; face; inexpressive; person; unexpressive
U+1F636,ğŸ˜¶,face without mouth,2010,emoji,face; mouth; person; quiet; silent
U+1F60F,ğŸ˜,smirking face,2010,emoji,face; person; smirk
U+1F623,ğŸ˜£,persevering face,2010,emoji,face; persevere; person
U+1F625,ğŸ˜¥,disappointed but relieved face,2010,emoji,disappointed; face; person; relieved; whew
U+1F62E,ğŸ˜®,face with open mouth,2012,emoji,face; mouth; open; person; sympathy
U+1F62F,ğŸ˜¯,hushed face,2012,emoji,face; hushed; person; stunned; surprised
U+1F62A,ğŸ˜ª,sleepy face,2010,emoji,face; person; sleep
U+1F62B,ğŸ˜«,tired face,2010,emoji,face; person; tired
U+1F634,ğŸ˜´,sleeping face,2012,emoji,face; person; sleep; zzz
U+1F60C,ğŸ˜Œ,relieved face,2010,emoji,face; person; relieved
U+1F61B,ğŸ˜›,face with stuck-out tongue,2012,emoji,face; person; tongue
U+1F61C,ğŸ˜œ,face with stuck-out tongue and winking eye,2010,emoji,eye; face; joke; person; tongue; wink
U+1F61D,ğŸ˜,face with stuck-out tongue and tightly-closed eyes,2010,emoji,eye; face; horrible; person; taste; tongue
U+1F612,ğŸ˜’,unamused face,2010,emoji,face; person; unamused; unhappy
U+1F613,ğŸ˜“,face with cold sweat,2010,emoji,cold; face; person; sweat
U+1F614,ğŸ˜”,pensive face,2010,emoji,dejected; face; pensive; person
U+1F615,ğŸ˜•,confused face,2012,emoji,confused; face; person
U+1F616,ğŸ˜–,confounded face,2010,emoji,confounded; face; person
U+1F637,ğŸ˜·,face with medical mask,2010,emoji,cold; doctor; face; mask; medicine; person; sick
U+1F632,ğŸ˜²,astonished face,2010,emoji,astonished; face; person; shocked; totally
U+1F61E,ğŸ˜,disappointed face,2010,emoji,disappointed; face; person
U+1F61F,ğŸ˜Ÿ,worried face,2012,emoji,face; person; worried
U+1F624,ğŸ˜¤,face with look of triumph,2010,emoji,face; person; triumph; won
U+1F622,ğŸ˜¢,crying face,2010,emoji,cry; face; person; sad; tear
U+1F62D,ğŸ˜­,loudly crying face,2010,emoji,cry; face; person; sad; sob; tear
U+1F626,ğŸ˜¦,frowning face with open mouth,2012,emoji,face; frown; mouth; open; person
U+1F627,ğŸ˜§,anguished face,2012,emoji,anguished; face; person
U+1F628,ğŸ˜¨,fearful face,2010,emoji,face; fear; fearful; person; scared
U+1F629,ğŸ˜©,weary face,2010,emoji,face; person; tired; weary
U+1F62C,ğŸ˜¬,grimacing face,2012,emoji,face; grimace; person
U+1F630,ğŸ˜°,face with open mouth and cold sweat,2010,emoji,blue; cold; face; mouth; open; person; rushed; sweat
U+1F631,ğŸ˜±,face screaming in fear,2010,emoji,face; fear; fearful; munch; person; scared; scream
U+1F633,ğŸ˜³,flushed face,2010,emoji,dazed; face; flushed; person
U+1F635,ğŸ˜µ,dizzy face,2010,emoji,dizzy; face; person
U+1F621,ğŸ˜¡,pouting face,2010,emoji,angry; face; mad; person; pouting; rage; red
U+1F620,ğŸ˜ ,angry face,2010,emoji,angry; face; mad; person
U+1F608,ğŸ˜ˆ,smiling face with horns,2010,emoji,face; fairy tale; fantasy; horns; person; smile
U+1F47F,ğŸ‘¿,imp,2010,emoji,devil; face; fairy tale; fantasy; imp; person
U+1F479,ğŸ‘¹,japanese ogre,2010,emoji,creature; face; fairy tale; fantasy; japanese; monster; ogre; person
U+1F47A,ğŸ‘º,japanese goblin,2010,emoji,creature; face; fairy tale; fantasy; goblin; japanese; monster;person
U+1F480,ğŸ’€,skull,2010,emoji,body; death; face; fairy tale; monster; person; skull
U+1F47B,ğŸ‘»,ghost,2010,emoji,creature; face; fairy tale; fantasy; ghost; monster; person
U+1F47D,ğŸ‘½,extraterrestrial alien,2010,emoji,alien; creature; extraterrestrial; face; fairy tale; fantasy; monster;nature; person; space; ufo
U+1F47E,ğŸ‘¾,alien monster,2010,emoji,alien; creature; extraterrestrial; face; fairy tale; fantasy; monster;nature; person; space; ufo
U+1F4A9,ğŸ’©,pile of poo,2010,emoji,comic; dung; face; monster; nature; object; poo; poop
U+1F63A,ğŸ˜º,smiling cat face with open mouth,2010,emoji,animal; cat; face; mouth; nature; open; smile
U+1F638,ğŸ˜¸,grinning cat face with smiling eyes,2010,emoji,animal; cat; eye; face; grin; nature; smile
U+1F639,ğŸ˜¹,cat face with tears of joy,2010,emoji,animal; cat; face; joy; nature; tear
U+1F63B,ğŸ˜»,smiling cat face with heart-shaped eyes,2010,emoji,animal; cat; eye; face; heart; love; nature; smile
U+1F63C,ğŸ˜¼,cat face with wry smile,2010,emoji,animal; cat; face; ironic; nature; smile; wry
U+1F63D,ğŸ˜½,kissing cat face with closed eyes,2010,emoji,animal; cat; eye; face; kiss; nature
U+1F640,ğŸ™€,weary cat face,2010,emoji,animal; cat; face; nature; oh; surprised; weary
U+1F63F,ğŸ˜¿,crying cat face,2010,emoji,animal; cat; cry; face; nature; sad; tear
U+1F63E,ğŸ˜¾,pouting cat face,2010,emoji,animal; cat; face; nature; pouting
U+1F648,ğŸ™ˆ,see-no-evil monkey,2010,emoji,animal; evil; face; forbidden; gesture; monkey; nature; no; not;prohibited; see
U+1F649,ğŸ™‰,hear-no-evil monkey,2010,emoji,animal; evil; face; forbidden; gesture; hear; monkey; nature; no;not; prohibited
U+1F64A,ğŸ™Š,speak-no-evil monkey,2010,emoji,animal; evil; face; forbidden; gesture; monkey; nature; no; not;prohibited; speak
U+1F466,ğŸ‘¦,boy,2010,emoji,boy; person
U+1F467,ğŸ‘§,girl,2010,emoji,girl; maiden; person; virgin; virgo; zodiac
U+1F468,ğŸ‘¨,man,2010,emoji,man; person
U+1F469,ğŸ‘©,woman,2010,emoji,person; woman
U+1F474,ğŸ‘´,older man,2010,emoji,man; old; person
U+1F475,ğŸ‘µ,older woman,2010,emoji,old; person; woman
U+1F476,ğŸ‘¶,baby,2010,emoji,baby; person
U+1F471,ğŸ‘±,person with blond hair,2010,emoji,blond; person
U+1F46E,ğŸ‘®,police officer,2010,emoji,cop; officer; person; police
U+1F472,ğŸ‘²,man with gua pi mao,2010,emoji,gua pi mao; hat; man; person
U+1F473,ğŸ‘³,man with turban,2010,emoji,man; person; turban
U+1F477,ğŸ‘·,construction worker,2010,emoji,construction; hat; person; worker
U+1F478,ğŸ‘¸,princess,2010,emoji,fairy tale; fantasy; person; princess
U+1F482,ğŸ’‚,guardsman,2010,emoji,guard; guardsman; person
U+1F385,ğŸ…,father christmas,2010,emoji,activity; celebration; christmas; fairy tale; fantasy; father; person;santa
U+1F47C,ğŸ‘¼,baby angel,2010,emoji,angel; baby; face; fairy tale; fantasy; person
U+1F46F,ğŸ‘¯,woman with bunny ears,2010,emoji,bunny; dancer; ear; girl; person; woman
U+1F486,ğŸ’†,face massage,2010,emoji,massage; person; salon
U+1F487,ğŸ’‡,haircut,2010,emoji,barber; beauty; haircut; parlor; person
U+1F470,ğŸ‘°,bride with veil,2010,emoji,bride; person; veil; wedding
U+1F64D,ğŸ™,person frowning,2010,emoji,frown; gesture; person
U+1F64E,ğŸ™,person with pouting face,2010,emoji,gesture; person; pouting
U+1F645,ğŸ™…,face with no good gesture,2010,emoji,forbidden; gesture; hand; no; not; person; prohibited
U+1F646,ğŸ™†,face with ok gesture,2010,emoji,gesture; hand; ok; person
U+1F481,ğŸ’,information desk person,2010,emoji,hand; help; information; person; sassy
U+1F64B,ğŸ™‹,happy person raising one hand,2010,emoji,gesture; hand; happy; person; raised
U+1F647,ğŸ™‡,person bowing deeply,2010,emoji,apology; bow; gesture; person; sorry
U+1F64C,ğŸ™Œ,person raising both hands in celebration,2010,emoji,body; celebration; gesture; hand; hooray; person; raised
U+1F64F,ğŸ™,person with folded hands,2010,emoji,ask; body; bow; folded; gesture; hand; person; please; pray; thanks
U+1F464,ğŸ‘¤,bust in silhouette,2010,emoji,bust; person; silhouette
U+1F465,ğŸ‘¥,busts in silhouette,2010,emoji,bust; person; silhouette
U+1F6B6,ğŸš¶,pedestrian,2010,emoji,hike; pedestrian; person; walk; walking
U+1F3C3,ğŸƒ,runner,2010,emoji,marathon; person; runner; running
U+1F483,ğŸ’ƒ,dancer,2010,emoji,dancer; person
U+1F48F,ğŸ’,kiss,2010,emoji,couple; kiss; person; romance
U+1F491,ğŸ’‘,couple with heart,2010,emoji,couple; heart; love; person; romance
U+1F46A,ğŸ‘ª,family,2010,emoji,child; family; father; mother; person
U+1F46B,ğŸ‘«,man and woman holding hands,2010,emoji,couple; hand; hold; man; person; woman
U+1F46C,ğŸ‘¬,two men holding hands,2010,emoji,couple; gemini; hand; hold; man; person; twins; zodiac
U+1F46D,ğŸ‘­,two women holding hands,2010,emoji,couple; hand; hold; person; woman
U+1F4AA,ğŸ’ª,flexed biceps,2010,emoji,biceps; body; comic; flex; muscle; person
U+1F448,ğŸ‘ˆ,white left pointing backhand index,2010,emoji,backhand; body; finger; hand; index; person; point
U+1F449,ğŸ‘‰,white right pointing backhand index,2010,emoji,backhand; body; finger; hand; index; person; point
U+261D,â˜ï¸,white up pointing index,1995,text,body; finger; hand; index; person; point; up
U+1F446,ğŸ‘†,white up pointing backhand index,2010,emoji,backhand; body; finger; hand; index; person; point; up
U+1F447,ğŸ‘‡,white down pointing backhand index,2010,emoji,backhand; body; down; finger; hand; index; person; point
U+270C,âœŒï¸,victory hand,1995,text,body; hand; person; v; victory
U+270A,âœŠ,raised fist,2010,emoji,body; clenched; fist; hand; person; punch
U+270B,âœ‹,raised hand,2010,emoji,body; hand; person
U+1F44A,ğŸ‘Š,fisted hand sign,2010,emoji,body; clenched; fist; hand; person; punch
U+1F44C,ğŸ‘Œ,ok hand sign,2010,emoji,body; hand; ok; person
U+1F44D,ğŸ‘,thumbs up sign,2010,emoji,#ERROR!
U+1F44E,ğŸ‘,thumbs down sign,2010,emoji,-1; body; down; hand; person; thumb; thumbs down
U+1F44B,ğŸ‘‹,waving hand sign,2010,emoji,body; hand; person; wave; waving
U+1F44F,ğŸ‘,clapping hands sign,2010,emoji,body; clap; hand; person
U+1F450,ğŸ‘,open hands sign,2010,emoji,body; hand; open; person
U+1F485,ğŸ’…,nail polish,2010,emoji,body; care; cosmetics; manicure; nail; person; polish
U+1F442,ğŸ‘‚,ear,2010,emoji,body; ear; person
U+1F443,ğŸ‘ƒ,nose,2010,emoji,body; nose; person
U+1F463,ğŸ‘£,footprints,2010,emoji,body; clothing; footprint; person; print
U+1F440,ğŸ‘€,eyes,2010,emoji,body; eye; face; person
U+1F445,ğŸ‘…,tongue,2010,emoji,body; person; tongue
U+1F444,ğŸ‘„,mouth,2010,emoji,body; lips; mouth; person
U+1F48B,ğŸ’‹,kiss mark,2010,emoji,emotion; heart; kiss; lips; mark; person; romance
U+1F498,ğŸ’˜,heart with arrow,2010,emoji,arrow; cupid; emotion; heart; person; romance
U+2764,â¤ï¸,heavy black heart,1995,text,emotion; heart; person
U+1F493,ğŸ’“,beating heart,2010,emoji,beating; emotion; heart; heartbeat; person; pulsating
U+1F494,ğŸ’”,broken heart,2010,emoji,break; broken; emotion; heart; person
U+1F495,ğŸ’•,two hearts,2010,emoji,emotion; heart; love; person
U+1F496,ğŸ’–,sparkling heart,2010,emoji,emotion; excited; heart; person; sparkle
U+1F497,ğŸ’—,growing heart,2010,emoji,emotion; excited; growing; heart; heartpulse; nervous; person
U+1F499,ğŸ’™,blue heart,2010,emoji,blue; emotion; heart; person
U+1F49A,ğŸ’š,green heart,2010,emoji,emotion; green; heart; person
U+1F49B,ğŸ’›,yellow heart,2010,emoji,emotion; heart; person; yellow
U+1F49C,ğŸ’œ,purple heart,2010,emoji,emotion; heart; person; purple
U+1F49D,ğŸ’,heart with ribbon,2010,emoji,emotion; heart; object; person; ribbon; valentine
U+1F49E,ğŸ’,revolving hearts,2010,emoji,emotion; heart; person; revolving
U+1F49F,ğŸ’Ÿ,heart decoration,2010,emoji,emotion; heart; person; symbol
U+1F48C,ğŸ’Œ,love letter,2010,emoji,emotion; heart; letter; love; mail; person; romance
U+1F4A4,ğŸ’¤,sleeping symbol,2010,emoji,comic; emotion; person; sleep; symbol; word; zzz
U+1F4A2,ğŸ’¢,anger symbol,2010,emoji,angry; comic; emotion; mad; person; symbol
U+1F4A3,ğŸ’£,bomb,2010,emoji,bomb; comic; object
U+1F4A5,ğŸ’¥,collision symbol,2010,emoji,boom; collision; comic; emotion; person
U+1F4A6,ğŸ’¦,splashing sweat symbol,2010,emoji,comic; emotion; object; person; splashing; sweat
U+1F4A8,ğŸ’¨,dash symbol,2010,emoji,comic; dash; emotion; object; person; running
U+1F4AB,ğŸ’«,dizzy symbol,2010,emoji,comic; dizzy; emotion; person; star
U+1F4AC,ğŸ’¬,speech balloon,2010,emoji,balloon; bubble; comic; dialog; emotion; object; person; speech
U+1F4AD,ğŸ’­,thought balloon,2010,emoji,balloon; bubble; comic; emotion; object; person; thought
U+1F453,ğŸ‘“,eyeglasses,2010,emoji,clothing; eye; eyeglasses; eyewear; glasses; object; person
U+1F454,ğŸ‘”,necktie,2010,emoji,clothing; necktie; object; person
U+1F455,ğŸ‘•,t-shirt,2010,emoji,clothing; object; person; shirt; tshirt
U+1F456,ğŸ‘–,jeans,2010,emoji,clothing; jeans; object; pants; person; trousers
U+1F457,ğŸ‘—,dress,2010,emoji,clothing; dress; object; person
U+1F458,ğŸ‘˜,kimono,2010,emoji,clothing; kimono; object; person
U+1F459,ğŸ‘™,bikini,2010,emoji,bikini; clothing; object; person; swim
U+1F45A,ğŸ‘š,womans clothes,2010,emoji,clothing; object; person; woman
U+1F45B,ğŸ‘›,purse,2010,emoji,clothing; coin; object; person; purse
U+1F45C,ğŸ‘œ,handbag,2010,emoji,bag; clothing; handbag; object; person
U+1F45D,ğŸ‘,pouch,2010,emoji,bag; clothing; object; person; pouch
U+1F392,ğŸ’,school satchel,2010,emoji,activity; bag; education; object; satchel; school
U+1F45E,ğŸ‘,mans shoe,2010,emoji,clothing; man; object; person; shoe
U+1F45F,ğŸ‘Ÿ,athletic shoe,2010,emoji,athletic; clothing; object; person; shoe; sneaker
U+1F460,ğŸ‘ ,high-heeled shoe,2010,emoji,clothing; heel; object; person; shoe; woman
U+1F461,ğŸ‘¡,womans sandal,2010,emoji,clothing; object; person; sandal; shoe; woman
U+1F462,ğŸ‘¢,womans boots,2010,emoji,boot; clothing; object; person; shoe; woman
U+1F451,ğŸ‘‘,crown,2010,emoji,clothing; crown; king; object; person; queen
U+1F452,ğŸ‘’,womans hat,2010,emoji,clothing; hat; object; person; woman
U+1F3A9,ğŸ©,top hat,2010,emoji,activity; clothing; entertainment; hat; object; person; top; tophat
U+1F393,ğŸ“,graduation cap,2010,emoji,activity; cap; celebration; clothing; education; graduation; hat;object
U+1F484,ğŸ’„,lipstick,2010,emoji,cosmetics; lipstick; makeup; object; person
U+1F48D,ğŸ’,ring,2010,emoji,diamond; emotion; object; person; ring; romance
U+1F48E,ğŸ’,gem stone,2010,emoji,diamond; emotion; gem; jewel; object; person; romance
U+1F435,ğŸµ,monkey face,2010,emoji,animal; face; monkey; nature
U+1F412,ğŸ’,monkey,2010,emoji,animal; monkey; nature
U+1F436,ğŸ¶,dog face,2010,emoji,animal; dog; face; nature; pet
U+1F415,ğŸ•,dog,2010,emoji,animal; dog; nature; pet
U+1F429,ğŸ©,poodle,2010,emoji,animal; dog; nature; poodle
U+1F43A,ğŸº,wolf face,2010,emoji,animal; face; nature; wolf
U+1F431,ğŸ±,cat face,2010,emoji,animal; cat; face; nature; pet
U+1F408,ğŸˆ,cat,2010,emoji,animal; cat; nature; pet
U+1F42F,ğŸ¯,tiger face,2010,emoji,animal; face; nature; tiger
U+1F405,ğŸ…,tiger,2010,emoji,animal; nature; tiger
U+1F406,ğŸ†,leopard,2010,emoji,animal; leopard; nature
U+1F434,ğŸ´,horse face,2010,emoji,animal; face; horse; nature
U+1F40E,ğŸ,horse,2010,emoji,animal; horse; nature; place; racehorse; racing
U+1F42E,ğŸ®,cow face,2010,emoji,animal; cow; face; nature
U+1F402,ğŸ‚,ox,2010,emoji,animal; bull; nature; ox; taurus; zodiac
U+1F403,ğŸƒ,water buffalo,2010,emoji,animal; buffalo; nature; water
U+1F404,ğŸ„,cow,2010,emoji,animal; cow; nature
U+1F437,ğŸ·,pig face,2010,emoji,animal; face; nature; pig
U+1F416,ğŸ–,pig,2010,emoji,animal; nature; pig; sow
U+1F417,ğŸ—,boar,2010,emoji,animal; boar; nature; pig
U+1F43D,ğŸ½,pig nose,2010,emoji,animal; face; nature; nose; pig
U+1F40F,ğŸ,ram,2010,emoji,animal; aries; nature; ram; sheep; zodiac
U+1F411,ğŸ‘,sheep,2010,emoji,animal; ewe; nature; sheep
U+1F410,ğŸ,goat,2010,emoji,animal; capricorn; goat; nature; zodiac
U+1F42A,ğŸª,dromedary camel,2010,emoji,animal; camel; dromedary; hump; nature
U+1F42B,ğŸ«,bactrian camel,2010,emoji,animal; bactrian; camel; hump; nature
U+1F418,ğŸ˜,elephant,2010,emoji,animal; elephant; nature
U+1F42D,ğŸ­,mouse face,2010,emoji,animal; face; mouse; nature
U+1F401,ğŸ,mouse,2010,emoji,animal; mouse; nature
U+1F400,ğŸ€,rat,2010,emoji,animal; nature; rat
U+1F439,ğŸ¹,hamster face,2010,emoji,animal; face; hamster; nature; pet
U+1F430,ğŸ°,rabbit face,2010,emoji,animal; bunny; face; nature; pet; rabbit
U+1F407,ğŸ‡,rabbit,2010,emoji,animal; bunny; nature; pet; rabbit
U+1F43B,ğŸ»,bear face,2010,emoji,animal; bear; face; nature
U+1F428,ğŸ¨,koala,2010,emoji,animal; bear; koala; nature
U+1F43C,ğŸ¼,panda face,2010,emoji,animal; face; nature; panda
U+1F43E,ğŸ¾,paw prints,2010,emoji,animal; feet; nature; paw; print
U+1F414,ğŸ”,chicken,2010,emoji,animal; chicken; nature
U+1F413,ğŸ“,rooster,2010,emoji,animal; nature; rooster
U+1F423,ğŸ£,hatching chick,2010,emoji,animal; baby; chick; hatching; nature
U+1F424,ğŸ¤,baby chick,2010,emoji,animal; baby; chick; nature
U+1F425,ğŸ¥,front-facing baby chick,2010,emoji,animal; baby; chick; nature
U+1F426,ğŸ¦,bird,2010,emoji,animal; bird; nature
U+1F427,ğŸ§,penguin,2010,emoji,animal; nature; penguin
U+1F438,ğŸ¸,frog face,2010,emoji,animal; face; frog; nature
U+1F40A,ğŸŠ,crocodile,2010,emoji,animal; crocodile; nature
U+1F422,ğŸ¢,turtle,2010,emoji,animal; nature; turtle
U+1F40D,ğŸ,snake,2010,emoji,animal; bearer; nature; ophiuchus; serpent; snake; zodiac
U+1F432,ğŸ²,dragon face,2010,emoji,animal; dragon; face; fairy tale; nature
U+1F409,ğŸ‰,dragon,2010,emoji,animal; dragon; fairy tale; nature
U+1F433,ğŸ³,spouting whale,2010,emoji,animal; face; nature; spouting; whale
U+1F40B,ğŸ‹,whale,2010,emoji,animal; nature; whale
U+1F42C,ğŸ¬,dolphin,2010,emoji,animal; dolphin; flipper; nature
U+1F41F,ğŸŸ,fish,2010,emoji,animal; fish; nature; pisces; zodiac
U+1F420,ğŸ ,tropical fish,2010,emoji,animal; fish; nature; tropical
U+1F421,ğŸ¡,blowfish,2010,emoji,animal; blowfish; fish; nature
U+1F419,ğŸ™,octopus,2010,emoji,animal; nature; octopus
U+1F41A,ğŸš,spiral shell,2010,emoji,animal; nature; shell; spiral
U+1F40C,ğŸŒ,snail,2010,emoji,animal; nature; snail
U+1F41B,ğŸ›,bug,2010,emoji,animal; bug; insect; nature
U+1F41C,ğŸœ,ant,2010,emoji,animal; ant; insect; nature
U+1F41D,ğŸ,honeybee,2010,emoji,animal; bee; honeybee; insect; nature
U+1F41E,ğŸ,lady beetle,2010,emoji,animal; beetle; insect; lady beetle; ladybird; ladybug; nature
U+1F490,ğŸ’,bouquet,2010,emoji,bouquet; flower; nature; object; place; plant; romance
U+1F338,ğŸŒ¸,cherry blossom,2010,emoji,blossom; cherry; flower; nature; plant
U+1F4AE,ğŸ’®,white flower,2010,emoji,flower; object; symbol
U+1F339,ğŸŒ¹,rose,2010,emoji,flower; nature; plant; rose
U+1F33A,ğŸŒº,hibiscus,2010,emoji,flower; hibiscus; nature; plant
U+1F33B,ğŸŒ»,sunflower,2010,emoji,flower; nature; plant; sun; sunflower
U+1F33C,ğŸŒ¼,blossom,2010,emoji,blossom; flower; nature; plant
U+1F337,ğŸŒ·,tulip,2010,emoji,flower; nature; plant; tulip
U+1F331,ğŸŒ±,seedling,2010,emoji,nature; plant; seedling; young
U+1F332,ğŸŒ²,evergreen tree,2010,emoji,evergreen; nature; plant; tree
U+1F333,ğŸŒ³,deciduous tree,2010,emoji,deciduous; nature; plant; shedding; tree
U+1F334,ğŸŒ´,palm tree,2010,emoji,nature; palm; plant; tree
U+1F335,ğŸŒµ,cactus,2010,emoji,cactus; nature; plant
U+1F33E,ğŸŒ¾,ear of rice,2010,emoji,ear; nature; plant; rice
U+1F33F,ğŸŒ¿,herb,2010,emoji,herb; leaf; nature; plant
U+1F340,ğŸ€,four leaf clover,2010,emoji,4; clover; four; leaf; nature; plant
U+1F341,ğŸ,maple leaf,2010,emoji,falling; leaf; maple; nature; plant
U+1F342,ğŸ‚,fallen leaf,2010,emoji,falling; leaf; nature; plant
U+1F343,ğŸƒ,leaf fluttering in wind,2010,emoji,blow; flutter; leaf; nature; plant; wind
U+1F347,ğŸ‡,grapes,2010,emoji,food; fruit; grape; nature; object; plant
U+1F348,ğŸˆ,melon,2010,emoji,food; fruit; melon; nature; object; plant
U+1F349,ğŸ‰,watermelon,2010,emoji,food; fruit; nature; object; plant; watermelon
U+1F34A,ğŸŠ,tangerine,2010,emoji,food; fruit; nature; object; orange; plant; tangerine
U+1F34B,ğŸ‹,lemon,2010,emoji,citrus; food; fruit; lemon; nature; object; plant
U+1F34C,ğŸŒ,banana,2010,emoji,banana; food; fruit; nature; object; plant
U+1F34D,ğŸ,pineapple,2010,emoji,food; fruit; nature; object; pineapple; plant
U+1F34E,ğŸ,red apple,2010,emoji,apple; food; fruit; nature; object; plant; red
U+1F34F,ğŸ,green apple,2010,emoji,apple; food; fruit; green; nature; object; plant
U+1F350,ğŸ,pear,2010,emoji,food; fruit; nature; object; pear; plant
U+1F351,ğŸ‘,peach,2010,emoji,food; fruit; nature; object; peach; plant
U+1F352,ğŸ’,cherries,2010,emoji,cherry; food; fruit; nature; object; plant
U+1F353,ğŸ“,strawberry,2010,emoji,berry; food; fruit; nature; object; plant; strawberry
U+1F345,ğŸ…,tomato,2010,emoji,food; nature; object; plant; tomato; vegetable
U+1F346,ğŸ†,aubergine,2010,emoji,aubergine; eggplant; food; nature; object; plant; vegetable
U+1F33D,ğŸŒ½,ear of maize,2010,emoji,corn; ear; maize; maze; nature; object; plant
U+1F344,ğŸ„,mushroom,2010,emoji,mushroom; nature; plant
U+1F330,ğŸŒ°,chestnut,2010,emoji,chestnut; nature; plant
U+1F35E,ğŸ,bread,2010,emoji,bread; food; loaf; nature; object
U+1F356,ğŸ–,meat on bone,2010,emoji,bone; food; meat; nature; object
U+1F357,ğŸ—,poultry leg,2010,emoji,bone; chicken; food; leg; nature; object; poultry
U+1F354,ğŸ”,hamburger,2010,emoji,burger; food; hamburger; nature; object
U+1F35F,ğŸŸ,french fries,2010,emoji,food; french; fries; nature; object
U+1F355,ğŸ•,slice of pizza,2010,emoji,cheese; food; nature; object; pizza; slice
U+1F372,ğŸ²,pot of food,2010,emoji,food; nature; object; pot; stew
U+1F371,ğŸ±,bento box,2010,emoji,bento; box; food; nature; object
U+1F358,ğŸ˜,rice cracker,2010,emoji,cracker; food; nature; object; rice
U+1F359,ğŸ™,rice ball,2010,emoji,ball; food; japanese; nature; object; rice
U+1F35A,ğŸš,cooked rice,2010,emoji,cooked; food; nature; object; rice
U+1F35B,ğŸ›,curry and rice,2010,emoji,curry; food; nature; object; rice
U+1F35C,ğŸœ,steaming bowl,2010,emoji,bowl; food; nature; noodle; object; ramen; steaming
U+1F35D,ğŸ,spaghetti,2010,emoji,food; nature; object; pasta; spaghetti
U+1F360,ğŸ ,roasted sweet potato,2010,emoji,food; nature; object; potato; roasted; sweet
U+1F362,ğŸ¢,oden,2010,emoji,food; kebab; nature; object; oden; seafood; skewer; stick
U+1F363,ğŸ£,sushi,2010,emoji,food; nature; object; sushi
U+1F364,ğŸ¤,fried shrimp,2010,emoji,food; fried; nature; object; prawn; shrimp; tempura
U+1F365,ğŸ¥,fish cake with swirl design,2010,emoji,cake; fish; food; nature; object; pastry; swirl
U+1F361,ğŸ¡,dango,2010,emoji,dango; dessert; food; japanese; nature; object; skewer; stick; sweet
U+1F366,ğŸ¦,soft ice cream,2010,emoji,cream; dessert; food; ice; icecream; nature; object; soft; sweet
U+1F367,ğŸ§,shaved ice,2010,emoji,dessert; food; ice; nature; object; shaved; sweet
U+1F368,ğŸ¨,ice cream,2010,emoji,cream; dessert; food; ice; nature; object; sweet
U+1F369,ğŸ©,doughnut,2010,emoji,dessert; donut; doughnut; food; nature; object; sweet
U+1F36A,ğŸª,cookie,2010,emoji,cookie; dessert; food; nature; object; sweet
U+1F382,ğŸ‚,birthday cake,2010,emoji,birthday; cake; celebration; dessert; food; object; pastry; sweet
U+1F370,ğŸ°,shortcake,2010,emoji,cake; dessert; food; nature; object; pastry; shortcake; slice; sweet
U+1F36B,ğŸ«,chocolate bar,2010,emoji,bar; chocolate; dessert; food; nature; object; sweet
U+1F36C,ğŸ¬,candy,2010,emoji,candy; dessert; food; nature; object; sweet
U+1F36D,ğŸ­,lollipop,2010,emoji,candy; dessert; food; lollipop; nature; object; sweet
U+1F36E,ğŸ®,custard,2010,emoji,custard; dessert; food; nature; object; pudding; sweet
U+1F36F,ğŸ¯,honey pot,2010,emoji,food; honey; honeypot; nature; object; pot; sweet
U+1F37C,ğŸ¼,baby bottle,2010,emoji,baby; bottle; drink; milk; nature; object
U+2615,â˜•ï¸,hot beverage,2003,emoji,beverage; coffee; drink; hot; nature; object; steaming; tea
U+1F375,ğŸµ,teacup without handle,2010,emoji,beverage; cup; drink; nature; object; tea; teacup
U+1F376,ğŸ¶,sake bottle and cup,2010,emoji,bar; beverage; bottle; cup; drink; nature; object; sake
U+1F377,ğŸ·,wine glass,2010,emoji,bar; beverage; drink; glass; nature; object; wine
U+1F378,ğŸ¸,cocktail glass,2010,emoji,bar; cocktail; drink; glass; nature; object
U+1F379,ğŸ¹,tropical drink,2010,emoji,bar; drink; nature; object; tropical
U+1F37A,ğŸº,beer mug,2010,emoji,bar; beer; drink; mug; nature; object
U+1F37B,ğŸ»,clinking beer mugs,2010,emoji,bar; beer; clink; drink; mug; nature; object
U+1F374,ğŸ´,fork and knife,2010,emoji,cooking; food; fork; knife; nature; object
U+1F373,ğŸ³,cooking,2010,emoji,cooking; egg; food; frying; nature; object; pan
U+1F30D,ğŸŒ,earth globe europe-africa,2010,emoji,africa; earth; europe; globe; nature; place; world
U+1F30E,ğŸŒ,earth globe americas,2010,emoji,americas; earth; globe; nature; place; world
U+1F30F,ğŸŒ,earth globe asia-australia,2010,emoji,asia; australia; earth; globe; nature; place; world
U+1F310,ğŸŒ,globe with meridians,2010,emoji,earth; globe; meridians; nature; place; world
U+1F30B,ğŸŒ‹,volcano,2010,emoji,eruption; mountain; nature; place; volcano; weather
U+1F5FB,ğŸ—»,mount fuji,2010,emoji,fuji; mountain; nature; place
U+1F3E0,ğŸ ,house building,2010,emoji,building; home; house; place
U+1F3E1,ğŸ¡,house with garden,2010,emoji,building; garden; home; house; place
U+26EA,â›ªï¸,church,2009,emoji,building; christian; church; cross; place; religion
U+1F3E2,ğŸ¢,office building,2010,emoji,building; office; place
U+1F3E3,ğŸ£,japanese post office,2010,emoji,building; japanese; office; place; post
U+1F3E4,ğŸ¤,european post office,2010,emoji,building; european; office; place; post
U+1F3E5,ğŸ¥,hospital,2010,emoji,building; doctor; hospital; medicine; place
U+1F3E6,ğŸ¦,green bank,2010,emoji,bank; building; place
U+1F3E8,ğŸ¨,hotel,2010,emoji,building; hotel; place
U+1F3E9,ğŸ©,love hotel,2010,emoji,building; hotel; love; place
U+1F3EA,ğŸª,convenience store,2010,emoji,building; convenience; place; store
U+1F3EB,ğŸ«,school,2010,emoji,building; education; place; school
U+1F3EC,ğŸ¬,department store,2010,emoji,building; department; place; store
U+1F3ED,ğŸ­,factory,2010,emoji,building; factory; place
U+1F3EF,ğŸ¯,japanese castle,2010,emoji,building; castle; japanese; place
U+1F3F0,ğŸ°,european castle,2010,emoji,building; castle; european; place
U+1F492,ğŸ’’,wedding,2010,emoji,activity; chapel; place; romance; wedding
U+1F5FC,ğŸ—¼,tokyo tower,2010,emoji,place; tokyo; tower
U+1F5FD,ğŸ—½,statue of liberty,2010,emoji,liberty; place; statue
U+1F5FE,ğŸ—¾,silhouette of japan,2010,emoji,japan; map; place
U+26F2,â›²ï¸,fountain,2009,emoji,fountain; object; place
U+26FA,â›ºï¸,tent,2009,emoji,camping; object; place; tent
U+1F301,ğŸŒ,foggy,2010,emoji,fog; nature; place; weather
U+1F303,ğŸŒƒ,night with stars,2010,emoji,nature; night; place; star; weather
U+1F304,ğŸŒ„,sunrise over mountains,2010,emoji,morning; mountain; nature; place; sun; sunrise; time; weather
U+1F305,ğŸŒ…,sunrise,2010,emoji,morning; nature; place; sun; sunrise; time; weather
U+1F306,ğŸŒ†,cityscape at dusk,2010,emoji,building; city; dusk; evening; landscape; nature; place; sun; sunset;time; weather
U+1F307,ğŸŒ‡,sunset over buildings,2010,emoji,building; dusk; nature; place; sun; sunset; time; weather
U+1F309,ğŸŒ‰,bridge at night,2010,emoji,bridge; nature; night; place; weather
U+2668,â™¨ï¸,hot springs,1995,text,hot; hotsprings; place; springs; steaming
U+1F30C,ğŸŒŒ,milky way,2010,emoji,milky way; nature; place; space; weather
U+1F3A0,ğŸ ,carousel horse,2010,emoji,activity; carousel; entertainment; horse; place
U+1F3A1,ğŸ¡,ferris wheel,2010,emoji,activity; amusement park; entertainment; ferris; place; wheel
U+1F3A2,ğŸ¢,roller coaster,2010,emoji,activity; amusement park; coaster; entertainment; place; roller
U+1F488,ğŸ’ˆ,barber pole,2010,emoji,barber; haircut; place; pole
U+1F3AA,ğŸª,circus tent,2010,emoji,activity; circus; entertainment; place; tent
U+1F3AD,ğŸ­,performing arts,2010,emoji,activity; art; entertainment; mask; object; performing; place;theater; theatre
U+1F3A8,ğŸ¨,artist palette,2010,emoji,activity; art; entertainment; museum; object; painting; palette
U+1F3B0,ğŸ°,slot machine,2010,emoji,activity; game; object; place; slot
U+1F682,ğŸš‚,steam locomotive,2010,emoji,engine; locomotive; place; railway; steam; train; travel; vehicle
U+1F683,ğŸšƒ,railway car,2010,emoji,car; electric; place; railway; train; tram; travel; trolleybus; vehicle
U+1F684,ğŸš„,high-speed train,2010,emoji,place; railway; shinkansen; speed; train; travel; vehicle
U+1F685,ğŸš…,high-speed train with bullet nose,2010,emoji,bullet; place; railway; shinkansen; speed; train; travel; vehicle
U+1F686,ğŸš†,train,2010,emoji,place; railway; train; travel; vehicle
U+1F687,ğŸš‡,metro,2010,emoji,metro; place; subway; travel; vehicle
U+1F688,ğŸšˆ,light rail,2010,emoji,place; railway; travel; vehicle
U+1F689,ğŸš‰,station,2010,emoji,place; railway; station; train; travel; vehicle
U+1F68A,ğŸšŠ,tram,2010,emoji,place; tram; travel; trolleybus; vehicle
U+1F69D,ğŸš,monorail,2010,emoji,monorail; place; travel; vehicle
U+1F69E,ğŸš,mountain railway,2010,emoji,car; mountain; place; railway; travel; vehicle
U+1F68B,ğŸš‹,tram car,2010,emoji,car; place; tram; travel; trolleybus; vehicle
U+1F68C,ğŸšŒ,bus,2010,emoji,bus; place; travel; vehicle
U+1F68D,ğŸš,oncoming bus,2010,emoji,bus; oncoming; place; travel; vehicle
U+1F68E,ğŸš,trolleybus,2010,emoji,bus; place; tram; travel; trolley; trolleybus; vehicle
U+1F68F,ğŸš,bus stop,2010,emoji,bus; busstop; place; stop; travel
U+1F690,ğŸš,minibus,2010,emoji,bus; minibus; place; travel; vehicle
U+1F691,ğŸš‘,ambulance,2010,emoji,ambulance; place; travel; vehicle
U+1F692,ğŸš’,fire engine,2010,emoji,engine; fire; place; travel; truck; vehicle
U+1F693,ğŸš“,police car,2010,emoji,car; patrol; place; police; travel; vehicle
U+1F694,ğŸš”,oncoming police car,2010,emoji,car; oncoming; place; police; travel; vehicle
U+1F695,ğŸš•,taxi,2010,emoji,place; taxi; travel; vehicle
U+1F696,ğŸš–,oncoming taxi,2010,emoji,oncoming; place; taxi; travel; vehicle
U+1F697,ğŸš—,automobile icon,2010,emoji,automobile; car; place; travel; vehicle
U+1F698,ğŸš˜,oncoming automobile,2010,emoji,automobile; car; oncoming; place; travel; vehicle
U+1F699,ğŸš™,recreational vehicle,2010,emoji,place; recreational; rv; travel; vehicle
U+1F69A,ğŸšš,delivery truck,2010,emoji,delivery; place; travel; truck; vehicle
U+1F69B,ğŸš›,articulated lorry,2010,emoji,lorry; place; semi; travel; truck; vehicle
U+1F69C,ğŸšœ,tractor,2010,emoji,place; tractor; travel; vehicle
U+1F6B2,ğŸš²,bicycle,2010,emoji,bicycle; bike; place; sport; travel; vehicle
U+26FD,â›½ï¸,fuel pump,2009,emoji,fuel; fuelpump; gas; place; pump; station; travel
U+1F6A8,ğŸš¨,police cars revolving light,2010,emoji,beacon; car; light; place; police; revolving; travel; vehicle
U+1F6A5,ğŸš¥,horizontal traffic light,2010,emoji,light; place; signal; traffic; travel
U+1F6A6,ğŸš¦,vertical traffic light,2010,emoji,light; place; signal; traffic; travel
U+1F6A7,ğŸš§,construction sign,2010,emoji,barrier; construction; place; travel
U+2693,âš“ï¸,anchor sign,2005,emoji,anchor; place; ship; tool; travel
U+26F5,â›µï¸,sailboat,2009,emoji,boat; place; resort; sailboat; sea; travel; vehicle; yacht
U+1F6A3,ğŸš£,rowboat,2010,emoji,boat; place; rowboat; travel; vehicle
U+1F6A4,ğŸš¤,speedboat,2010,emoji,boat; place; speedboat; travel; vehicle
U+1F6A2,ğŸš¢,ship,2010,emoji,place; ship; travel; vehicle
U+2708,âœˆï¸,airplane,1995,text,airplane; place; travel; vehicle
U+1F4BA,ğŸ’º,seat,2010,emoji,chair; object; office; place; seat; travel
U+1F681,ğŸš,helicopter,2010,emoji,helicopter; place; travel; vehicle
U+1F69F,ğŸšŸ,suspension railway,2010,emoji,place; railway; suspension; travel; vehicle
U+1F6A0,ğŸš ,mountain cableway,2010,emoji,cable; gondola; mountain; place; travel; vehicle
U+1F6A1,ğŸš¡,aerial tramway,2010,emoji,aerial; cable; car; gondola; place; ropeway; tramway; travel;vehicle
U+1F680,ğŸš€,rocket,2010,emoji,place; rocket; space; travel; vehicle
U+1F6AA,ğŸšª,door,2010,emoji,door; object; travel
U+1F6BD,ğŸš½,toilet,2010,emoji,object; place; toilet; travel
U+1F6BF,ğŸš¿,shower,2010,emoji,object; place; shower; travel; water
U+1F6C0,ğŸ›€,bath,2010,emoji,bath; bathtub; object; place; travel
U+1F6C1,ğŸ›,bathtub,2010,emoji,bath; bathtub; object; place; travel
U+231B,âŒ›ï¸,hourglass,1995,emoji,hourglass; object; sand; time; timer
U+23F3,â³,hourglass with flowing sand,2010,emoji,hourglass; object; sand; time; timer
U+231A,âŒšï¸,watch,1995,emoji,clock; object; time; watch
U+23F0,â°,alarm clock,2010,emoji,alarm; clock; object; time
U+1F55B,ğŸ•›,clock face twelve oclock,2010,emoji,00; 12; 12:00; clock; oâ€™clock; symbol; time; twelve
U+1F567,ğŸ•§,clock face twelve-thirty,2010,emoji,12; 12:30; 30; clock; symbol; thirty; time; twelve
U+1F550,ğŸ•,clock face one oclock,2010,emoji,00; 1; 1:00; clock; oâ€™clock; one; symbol; time
U+1F55C,ğŸ•œ,clock face one-thirty,2010,emoji,1; 1:30; 30; clock; one; symbol; thirty; time
U+1F551,ğŸ•‘,clock face two oclock,2010,emoji,00; 2; 2:00; clock; oâ€™clock; symbol; time; two
U+1F55D,ğŸ•,clock face two-thirty,2010,emoji,2; 2:30; 30; clock; symbol; thirty; time; two
U+1F552,ğŸ•’,clock face three oclock,2010,emoji,00; 3; 3:00; clock; oâ€™clock; symbol; three; time
U+1F55E,ğŸ•,clock face three-thirty,2010,emoji,3; 3:30; 30; clock; symbol; thirty; three; time
U+1F553,ğŸ•“,clock face four oclock,2010,emoji,00; 4; 4:00; clock; four; oâ€™clock; symbol; time
U+1F55F,ğŸ•Ÿ,clock face four-thirty,2010,emoji,30; 4; 4:30; clock; four; symbol; thirty; time
U+1F554,ğŸ•”,clock face five oclock,2010,emoji,00; 5; 5:00; clock; five; oâ€™clock; symbol; time
U+1F560,ğŸ• ,clock face five-thirty,2010,emoji,30; 5; 5:30; clock; five; symbol; thirty; time
U+1F555,ğŸ••,clock face six oclock,2010,emoji,00; 6; 6:00; clock; oâ€™clock; six; symbol; time
U+1F561,ğŸ•¡,clock face six-thirty,2010,emoji,30; 6; 6:30; clock; six; symbol; thirty; time
U+1F556,ğŸ•–,clock face seven oclock,2010,emoji,00; 7; 7:00; clock; oâ€™clock; seven; symbol; time
U+1F562,ğŸ•¢,clock face seven-thirty,2010,emoji,30; 7; 7:30; clock; seven; symbol; thirty; time
U+1F557,ğŸ•—,clock face eight oclock,2010,emoji,00; 8; 8:00; clock; eight; oâ€™clock; symbol; time
U+1F563,ğŸ•£,clock face eight-thirty,2010,emoji,30; 8; 8:30; clock; eight; symbol; thirty; time
U+1F558,ğŸ•˜,clock face nine oclock,2010,emoji,00; 9; 9:00; clock; nine; oâ€™clock; symbol; time
U+1F564,ğŸ•¤,clock face nine-thirty,2010,emoji,30; 9; 9:30; clock; nine; symbol; thirty; time
U+1F559,ğŸ•™,clock face ten oclock,2010,emoji,00; 10; 10:00; clock; oâ€™clock; symbol; ten; time
U+1F565,ğŸ•¥,clock face ten-thirty,2010,emoji,10; 10:30; 30; clock; symbol; ten; thirty; time
U+1F55A,ğŸ•š,clock face eleven oclock,2010,emoji,00; 11; 11:00; clock; eleven; oâ€™clock; symbol; time
U+1F566,ğŸ•¦,clock face eleven-thirty,2010,emoji,11; 11:30; 30; clock; eleven; symbol; thirty; time
U+1F311,ğŸŒ‘,new moon symbol,2010,emoji,dark; moon; nature; place; space; time; weather
U+1F312,ğŸŒ’,waxing crescent moon symbol,2010,emoji,crescent; moon; nature; place; space; time; waxing; weather
U+1F313,ğŸŒ“,first quarter moon symbol,2010,emoji,moon; nature; place; quarter; space; time; weather
U+1F314,ğŸŒ”,waxing gibbous moon symbol,2010,emoji,gibbous; moon; nature; place; space; time; waxing; weather
U+1F315,ğŸŒ•,full moon symbol,2010,emoji,full; moon; nature; place; space; time; weather
U+1F316,ğŸŒ–,waning gibbous moon symbol,2010,emoji,gibbous; moon; nature; place; space; time; waning; weather
U+1F317,ğŸŒ—,last quarter moon symbol,2010,emoji,moon; nature; place; quarter; space; time; weather
U+1F318,ğŸŒ˜,waning crescent moon symbol,2010,emoji,crescent; moon; nature; place; space; time; waning; weather
U+1F319,ğŸŒ™,crescent moon,2010,emoji,crescent; moon; nature; place; space; time; weather
U+1F31A,ğŸŒš,new moon with face,2010,emoji,face; moon; nature; place; space; time; weather
U+1F31B,ğŸŒ›,first quarter moon with face,2010,emoji,face; moon; nature; place; quarter; space; weather
U+1F31C,ğŸŒœ,last quarter moon with face,2010,emoji,face; moon; nature; place; quarter; space; weather
U+2600,â˜€ï¸,black sun with rays,1995,text,bright; nature; rays; space; sun; sunny; weather
U+1F31D,ğŸŒ,full moon with face,2010,emoji,bright; face; full; moon; nature; place; space; weather
U+1F31E,ğŸŒ,sun with face,2010,emoji,bright; face; nature; place; space; sun; weather
U+2B50,â­ï¸,white medium star,2008,emoji,nature; place; star
U+1F31F,ğŸŒŸ,glowing star,2010,emoji,glittery; glow; object; place; shining; sparkle; star
U+1F320,ğŸŒ ,shooting star,2010,emoji,activity; falling; nature; place; shooting; space; star
U+2601,â˜ï¸,cloud,1995,text,cloud; nature; weather
U+26C5,â›…ï¸,sun behind cloud,2009,emoji,cloud; nature; sun; weather
U+1F300,ğŸŒ€,cyclone,2010,emoji,cyclone; dizzy; nature; twister; typhoon; weather
U+1F308,ğŸŒˆ,rainbow,2010,emoji,nature; rain; rainbow; weather
U+1F302,ğŸŒ‚,closed umbrella,2010,emoji,clothing; nature; person; rain; umbrella; weather
U+2614,â˜”ï¸,umbrella with rain drops,2003,emoji,clothing; drop; nature; rain; umbrella; weather
U+26A1,âš¡ï¸,high voltage sign,2003,emoji,danger; electric; electricity; lightning; nature; symbol; voltage; zap
U+2744,â„ï¸,snowflake,1995,text,cold; nature; snow; snowflake; weather
U+26C4,â›„ï¸,snowman without snow,2009,emoji,cold; nature; snow; snowman; weather
U+1F525,ğŸ”¥,fire,2010,emoji,fire; flame; object; tool
U+1F4A7,ğŸ’§,droplet,2010,emoji,cold; comic; drop; emotion; nature; object; person; sweat; weather
U+1F30A,ğŸŒŠ,water wave,2010,emoji,nature; ocean; place; water; wave; weather
U+1F383,ğŸƒ,jack-o-lantern,2010,emoji,activity; celebration; entertainment; halloween; jack; lantern;object
U+1F384,ğŸ„,christmas tree,2010,emoji,activity; celebration; christmas; entertainment; object; tree
U+1F386,ğŸ†,fireworks,2010,emoji,activity; celebration; entertainment; fireworks; object
U+1F387,ğŸ‡,firework sparkler,2010,emoji,activity; celebration; entertainment; fireworks; object; sparkle
U+2728,âœ¨,sparkles,2010,emoji,emotion; entertainment; object; sign; sparkle; star
U+1F388,ğŸˆ,red balloon,2010,emoji,activity; balloon; celebration; entertainment; object
U+1F389,ğŸ‰,party popper,2010,emoji,activity; celebration; entertainment; object; party; popper; tada
U+1F38A,ğŸŠ,confetti ball,2010,emoji,activity; ball; celebration; confetti; entertainment; object
U+1F38B,ğŸ‹,tanabata tree,2010,emoji,activity; banner; celebration; entertainment; japanese; object; tree
U+1F38C,ğŸŒ,crossed flags,2010,emoji,activity; celebration; cross; crossed; flag; japanese; object
U+1F38D,ğŸ,pine decoration,2010,emoji,activity; bamboo; celebration; japanese; object; pine; plant
U+1F38E,ğŸ,japanese dolls,2010,emoji,activity; celebration; doll; entertainment; festival; japanese; object
U+1F38F,ğŸ,carp streamer,2010,emoji,activity; carp; celebration; entertainment; flag; object; streamer
U+1F390,ğŸ,wind chime,2010,emoji,activity; bell; celebration; chime; entertainment; object; wind
U+1F391,ğŸ‘,moon viewing ceremony,2010,emoji,activity; celebration; ceremony; entertainment; moon; nature;object
U+1F380,ğŸ€,ribbon,2010,emoji,celebration; emotion; object; person; ribbon
U+1F381,ğŸ,wrapped present,2010,emoji,box; celebration; entertainment; gift; object; present; wrapped
U+1F3AB,ğŸ«,ticket,2010,emoji,activity; admission; entertainment; object; place; ticket
U+26BD,âš½ï¸,soccer ball,2009,emoji,ball; object; place; soccer; sport
U+26BE,âš¾ï¸,baseball,2009,emoji,ball; baseball; object; place; sport
U+1F3C0,ğŸ€,basketball and hoop,2010,emoji,ball; basketball; hoop; object; place; sport
U+1F3C8,ğŸˆ,american football,2010,emoji,american; ball; football; object; place; sport
U+1F3C9,ğŸ‰,rugby football,2010,emoji,ball; football; object; place; rugby; sport
U+1F3BE,ğŸ¾,tennis racquet and ball,2010,emoji,ball; object; place; racquet; sport; tennis
U+1F3B1,ğŸ±,billiards,2010,emoji,8; 8 ball; ball; billiard; eight; game; object; place; sport
U+1F3B3,ğŸ³,bowling,2010,emoji,ball; bowling; game; object; place; sport
U+26F3,â›³ï¸,flag in hole,2009,emoji,flag; golf; hole; object; place; sport; travel
U+1F3A3,ğŸ£,fishing pole and fish,2010,emoji,entertainment; fish; object; place; pole; sport
U+1F3BD,ğŸ½,running shirt with sash,2010,emoji,person; place; running; sash; shirt; sport
U+1F3BF,ğŸ¿,ski and ski boot,2010,emoji,object; ski; snow; sport
U+1F3C2,ğŸ‚,snowboarder,2010,emoji,person; ski; snow; snowboard; sport
U+1F3C4,ğŸ„,surfer,2010,emoji,person; sport; surfer; surfing
U+1F3C7,ğŸ‡,horse racing,2010,emoji,horse; jockey; person; racehorse; racing; sport; travel
U+1F3CA,ğŸŠ,swimmer,2010,emoji,person; sport; swim; swimmer; travel
U+1F6B4,ğŸš´,bicyclist,2010,emoji,bicycle; bicyclist; bike; cyclist; person; place; sport; travel
U+1F6B5,ğŸšµ,mountain bicyclist,2010,emoji,bicycle; bicyclist; bike; cyclist; mountain; person; place; sport;travel
U+1F3C6,ğŸ†,trophy,2010,emoji,object; place; prize; sport; trophy
U+1F3AF,ğŸ¯,direct hit,2010,emoji,activity; bull; bullseye; dart; entertainment; eye; game; hit; object;target
U+1F3AE,ğŸ®,video game,2010,emoji,controller; entertainment; game; object; video game
U+1F3B2,ğŸ²,game die,2010,emoji,dice; die; entertainment; game; object
U+2660,â™ ï¸,black spade suit,1995,text,card; game; spade; suit; symbol
U+2665,â™¥ï¸,black heart suit,1995,text,card; emotion; game; heart; hearts; suit; symbol
U+2666,â™¦ï¸,black diamond suit,1995,text,card; diamond; diamonds; game; suit; symbol
U+2663,â™£ï¸,black club suit,1995,text,card; club; clubs; game; suit; symbol
U+1F0CF,ğŸƒ,playing card black joker,2010,emoji,card; entertainment; game; joker; object; playing
U+1F004,ğŸ€„ï¸,mahjong tile red dragon,2008,emoji,game; mahjong; object; red
U+1F3B4,ğŸ´,flower playing cards,2010,emoji,activity; card; entertainment; flower; game; japanese; object;playing
U+1F507,ğŸ”‡,speaker with cancellation stroke,2010,emoji,mute; object; quiet; silent; sound; speaker; volume
U+1F508,ğŸ”ˆ,speaker,2010,emoji,object; sound; speaker; volume
U+1F509,ğŸ”‰,speaker with one sound wave,2010,emoji,low; object; sound; speaker; volume; wave
U+1F50A,ğŸ”Š,speaker with three sound waves,2010,emoji,3; entertainment; high; loud; object; sound; speaker; three; volume
U+1F4E2,ğŸ“¢,public address loudspeaker,2010,emoji,communication; loud; loudspeaker; object; public address; sound
U+1F4E3,ğŸ“£,cheering megaphone,2010,emoji,cheering; communication; megaphone; object; sound
U+1F4EF,ğŸ“¯,postal horn,2010,emoji,communication; entertainment; horn; object; post; postal; sound
U+1F514,ğŸ””,bell,2010,emoji,bell; object; sound
U+1F515,ğŸ”•,bell with cancellation stroke,2010,emoji,bell; forbidden; mute; no; not; object; prohibited; quiet; silent;sound
U+1F3BC,ğŸ¼,musical score,2010,emoji,activity; entertainment; music; object; score; sound
U+1F3B5,ğŸµ,musical note,2010,emoji,activity; entertainment; music; note; object; sound
U+1F3B6,ğŸ¶,multiple musical notes,2010,emoji,activity; entertainment; music; note; notes; object; sound
U+1F3A4,ğŸ¤,microphone,2010,emoji,activity; entertainment; karaoke; mic; microphone; object; sound
U+1F3A7,ğŸ§,headphone,2010,emoji,activity; earbud; entertainment; headphone; object; sound
U+1F3B7,ğŸ·,saxophone,2010,emoji,activity; entertainment; instrument; music; object; sax; saxophone;sound
U+1F3B8,ğŸ¸,guitar,2010,emoji,activity; entertainment; guitar; instrument; music; object; sound
U+1F3B9,ğŸ¹,musical keyboard,2010,emoji,activity; entertainment; instrument; keyboard; music; object;piano; sound
U+1F3BA,ğŸº,trumpet,2010,emoji,activity; entertainment; instrument; music; object; sound; trumpet
U+1F3BB,ğŸ»,violin,2010,emoji,activity; entertainment; instrument; music; object; sound; violin
U+1F4FB,ğŸ“»,radio,2010,emoji,entertainment; object; radio; video
U+1F4F1,ğŸ“±,mobile phone,2010,emoji,cell; communication; mobile; object; phone; telephone
U+1F4F2,ğŸ“²,mobile phone with rightwards arrow at left,2010,emoji,arrow; call; cell; communication; mobile; object; phone; receive;telephone
U+260E,â˜ï¸,black telephone,1995,text,object; office; phone; sound; telephone
U+1F4DE,ğŸ“,telephone receiver,2010,emoji,communication; object; phone; receiver; sound; telephone
U+1F4DF,ğŸ“Ÿ,pager,2010,emoji,communication; object; office; pager
U+1F4E0,ğŸ“ ,fax machine,2010,emoji,communication; fax; object; office
U+1F50B,ğŸ”‹,battery,2010,emoji,battery; object
U+1F50C,ğŸ”Œ,electric plug,2010,emoji,electric; electricity; object; plug
U+1F4BB,ğŸ’»,personal computer,2010,emoji,computer; object; office; pc; personal
U+1F4BD,ğŸ’½,minidisc,2010,emoji,computer; disk; entertainment; minidisk; object; office; optical
U+1F4BE,ğŸ’¾,floppy disk,2010,emoji,computer; disk; floppy; object; office
U+1F4BF,ğŸ’¿,optical disc,2010,emoji,blu-ray; cd; computer; disk; dvd; object; office; optical
U+1F4C0,ğŸ“€,dvd,2010,emoji,blu-ray; cd; computer; disk; dvd; entertainment; object; office;optical
U+1F3A5,ğŸ¥,movie camera,2010,emoji,activity; camera; cinema; entertainment; movie; object
U+1F3AC,ğŸ¬,clapper board,2010,emoji,activity; clapper; entertainment; movie; object
U+1F4FA,ğŸ“º,television,2010,emoji,entertainment; object; television; tv; video
U+1F4F7,ğŸ“·,camera,2010,emoji,camera; entertainment; object; video
U+1F4F9,ğŸ“¹,video camera,2010,emoji,camera; entertainment; object; video
U+1F4FC,ğŸ“¼,videocassette,2010,emoji,entertainment; object; tape; vhs; video; videocassette
U+1F50D,ğŸ”,left-pointing magnifying glass,2010,emoji,glass; magnifying; object; search; tool
U+1F50E,ğŸ”,right-pointing magnifying glass,2010,emoji,glass; magnifying; object; search; tool
U+1F52C,ğŸ”¬,microscope,2010,emoji,microscope; object; tool
U+1F52D,ğŸ”­,telescope,2010,emoji,object; telescope; tool
U+1F4E1,ğŸ“¡,satellite antenna,2010,emoji,antenna; communication; dish; object; office; satellite
U+1F4A1,ğŸ’¡,electric light bulb,2010,emoji,bulb; comic; electric; idea; light; object
U+1F526,ğŸ”¦,electric torch,2010,emoji,electric; flashlight; light; object; tool; torch
U+1F3EE,ğŸ®,izakaya lantern,2010,emoji,bar; japanese; lantern; light; place; red
U+1F4D4,ğŸ“”,notebook with decorative cover,2010,emoji,book; cover; decorated; education; notebook; object; office
U+1F4D5,ğŸ“•,closed book,2010,emoji,book; closed; education; object; office
U+1F4D6,ğŸ“–,open book,2010,emoji,book; education; object; office; open
U+1F4D7,ğŸ“—,green book,2010,emoji,book; education; green; object; office
U+1F4D8,ğŸ“˜,blue book,2010,emoji,blue; book; education; object; office
U+1F4D9,ğŸ“™,orange book,2010,emoji,book; education; object; office; orange
U+1F4DA,ğŸ“š,books,2010,emoji,book; books; education; object; office
U+1F4D3,ğŸ““,notebook,2010,emoji,notebook; object; office
U+1F4D2,ğŸ“’,ledger,2010,emoji,ledger; notebook; object; office
U+1F4C3,ğŸ“ƒ,page with curl,2010,emoji,curl; document; object; office; page
U+1F4DC,ğŸ“œ,scroll,2010,emoji,object; office; paper; scroll
U+1F4C4,ğŸ“„,page facing up,2010,emoji,document; object; office; page
U+1F4F0,ğŸ“°,newspaper,2010,emoji,communication; news; newspaper; object; paper
U+1F4D1,ğŸ“‘,bookmark tabs,2010,emoji,bookmark; mark; marker; object; office; tabs
U+1F516,ğŸ”–,bookmark,2010,emoji,bookmark; mark; object
U+1F4B0,ğŸ’°,money bag,2010,emoji,bag; dollar; money; moneybag; object; office
U+1F4B4,ğŸ’´,banknote with yen sign,2010,emoji,bank; banknote; bill; currency; money; note; object; office; yen
U+1F4B5,ğŸ’µ,banknote with dollar sign,2010,emoji,bank; banknote; bill; currency; dollar; money; note; object; office
U+1F4B6,ğŸ’¶,banknote with euro sign,2010,emoji,bank; banknote; bill; currency; euro; money; note; object; office
U+1F4B7,ğŸ’·,banknote with pound sign,2010,emoji,bank; banknote; bill; currency; money; note; object; office; pound
U+1F4B8,ğŸ’¸,money with wings,2010,emoji,bank; banknote; bill; dollar; fly; money; note; object; office; wings
U+1F4B3,ğŸ’³,credit card,2010,emoji,bank; card; credit; money; object; office
U+1F4B9,ğŸ’¹,chart with upwards trend and yen sign,2010,emoji,bank; chart; currency; graph; growth; market; money; object;office; rise; symbol; trend; upward; yen
U+2709,âœ‰ï¸,envelope,1995,text,e-mail; email; envelope; object; office
U+1F4E7,ğŸ“§,e-mail symbol,2010,emoji,communication; e-mail; email; letter; mail; object; office
U+1F4E8,ğŸ“¨,incoming envelope,2010,emoji,communication; e-mail; email; envelope; incoming; letter; mail;object; office; receive
U+1F4E9,ğŸ“©,envelope with downwards arrow above,2010,emoji,arrow; communication; down; e-mail; email; envelope; letter;mail; object; office; outgoing; sent
U+1F4E4,ğŸ“¤,outbox tray,2010,emoji,box; communication; letter; mail; object; office; outbox; sent; tray
U+1F4E5,ğŸ“¥,inbox tray,2010,emoji,box; communication; inbox; letter; mail; object; office; receive;tray
U+1F4E6,ğŸ“¦,package,2010,emoji,box; communication; object; office; package; parcel
U+1F4EB,ğŸ“«,closed mailbox with raised flag,2010,emoji,closed; communication; flag; mail; mailbox; object; office;postbox
U+1F4EA,ğŸ“ª,closed mailbox with lowered flag,2010,emoji,closed; communication; flag; lowered; mail; mailbox; object;office; postbox
U+1F4EC,ğŸ“¬,open mailbox with raised flag,2010,emoji,communication; flag; mail; mailbox; object; office; open; postbox
U+1F4ED,ğŸ“­,open mailbox with lowered flag,2010,emoji,communication; flag; lowered; mail; mailbox; object; office; open;postbox
U+1F4EE,ğŸ“®,postbox,2010,emoji,communication; mail; mailbox; object; office; postbox
U+270F,âœï¸,pencil,1995,text,object; office; pencil
U+2712,âœ’ï¸,black nib,1995,text,nib; object; office; pen
U+1F4DD,ğŸ“,memo,2010,emoji,communication; memo; object; office; pencil
U+1F4BC,ğŸ’¼,briefcase,2010,emoji,briefcase; object; office; person
U+1F4C1,ğŸ“,file folder,2010,emoji,file; folder; object; office
U+1F4C2,ğŸ“‚,open file folder,2010,emoji,file; folder; object; office; open
U+1F4C5,ğŸ“…,calendar,2010,emoji,calendar; date; object; office
U+1F4C6,ğŸ“†,tear-off calendar,2010,emoji,calendar; object; office
U+1F4C7,ğŸ“‡,card index,2010,emoji,card; index; object; office; rolodex
U+1F4C8,ğŸ“ˆ,chart with upwards trend,2010,emoji,chart; graph; growth; object; office; trend; upward
U+1F4C9,ğŸ“‰,chart with downwards trend,2010,emoji,chart; down; graph; object; office; trend
U+1F4CA,ğŸ“Š,bar chart,2010,emoji,bar; chart; graph; object; office
U+1F4CB,ğŸ“‹,clipboard,2010,emoji,clipboard; object; office
U+1F4CC,ğŸ“Œ,pushpin,2010,emoji,object; office; pin; pushpin
U+1F4CD,ğŸ“,round pushpin,2010,emoji,object; office; pin; place; pushpin
U+1F4CE,ğŸ“,paperclip,2010,emoji,object; office; paperclip
U+1F4CF,ğŸ“,straight ruler,2010,emoji,object; office; ruler; straight edge
U+1F4D0,ğŸ“,triangular ruler,2010,emoji,object; office; ruler; set; triangle
U+2702,âœ‚ï¸,black scissors,1995,text,object; office; scissors; tool
U+1F512,ğŸ”’,lock,2010,emoji,closed; lock; object
U+1F513,ğŸ”“,open lock,2010,emoji,lock; object; open; unlock
U+1F50F,ğŸ”,lock with ink pen,2010,emoji,ink; lock; nib; object; pen; privacy
U+1F510,ğŸ”,closed lock with key,2010,emoji,closed; key; lock; object; secure
U+1F511,ğŸ”‘,key,2010,emoji,key; lock; object; password
U+1F528,ğŸ”¨,hammer,2010,emoji,hammer; object; tool
U+1F527,ğŸ”§,wrench,2010,emoji,object; tool; wrench
U+1F529,ğŸ”©,nut and bolt,2010,emoji,bolt; nut; object; tool
U+1F517,ğŸ”—,link symbol,2010,emoji,link; object; symbol
U+1F489,ğŸ’‰,syringe,2010,emoji,doctor; medicine; needle; object; shot; sick; syringe; tool
U+1F48A,ğŸ’Š,pill,2010,emoji,doctor; medicine; object; pill; sick
U+1F52A,ğŸ”ª,hocho,2010,emoji,cooking; hocho; knife; object; tool; weapon
U+1F52B,ğŸ”«,pistol,2010,emoji,gun; object; pistol; revolver; tool; weapon
U+1F3C1,ğŸ,chequered flag,2010,emoji,checkered; chequered; flag; object; place; racing; sport
U+1F6A9,ğŸš©,triangular flag on post,2010,emoji,flag; object; place; post; travel
U+1F6AC,ğŸš¬,smoking symbol,2010,emoji,activity; object; smoking
U+1F5FF,ğŸ—¿,moyai,2010,emoji,face; moyai; place; statue; travel
U+1F52E,ğŸ”®,crystal ball,2010,emoji,ball; crystal; fairy tale; fantasy; fortune; object; tool
U+1F3E7,ğŸ§,automated teller machine,2010,emoji,atm; automated; bank; place; sign; symbol; teller
U+1F6AE,ğŸš®,put litter in its place symbol,2010,emoji,litter; litterbox; place; symbol; travel
U+1F6B0,ğŸš°,potable water symbol,2010,emoji,drink; potable; sign; symbol; travel; water
U+267F,â™¿ï¸,wheelchair symbol,2005,emoji,access; sign; symbol; travel; wheelchair
U+1F6B9,ğŸš¹,mens symbol,2010,emoji,lavatory; man; restroom; sign; symbol; travel; wc
U+1F6BA,ğŸšº,womens symbol,2010,emoji,lavatory; restroom; sign; symbol; travel; wc; woman
U+1F6BB,ğŸš»,restroom,2010,emoji,lavatory; restroom; sign; symbol; travel; wc
U+1F6BC,ğŸš¼,orange baby symbol,2010,emoji,baby; changing; sign; symbol; travel
U+1F6BE,ğŸš¾,water closet,2010,emoji,closet; lavatory; place; restroom; sign; symbol; travel; water; wc
U+1F6C2,ğŸ›‚,passport control,2010,emoji,control; passport; place; sign; symbol; travel
U+1F6C3,ğŸ›ƒ,customs,2010,emoji,customs; place; sign; symbol; travel
U+1F6C4,ğŸ›„,baggage claim,2010,emoji,baggage; claim; place; sign; symbol; travel
U+1F6C5,ğŸ›…,left luggage,2010,emoji,baggage; left luggage; locker; luggage; place; sign; symbol; travel
U+26A0,âš ï¸,warning sign,2003,text,place; symbol; travel; warning
U+1F6B8,ğŸš¸,children crossing,2010,emoji,child; crossing; pedestrian; place; sign; symbol; traffic; travel
U+26D4,â›”ï¸,no entry,2009,emoji,entry; forbidden; no; not; prohibited; symbol; traffic; travel
U+1F6AB,ğŸš«,no entry sign,2010,emoji,entry; forbidden; no; not; prohibited; symbol; travel
U+1F6B3,ğŸš³,no bicycles,2010,emoji,bicycle; bike; forbidden; no; not; place; prohibited; sign; sport;symbol; travel; vehicle
U+1F6AD,ğŸš­,no smoking symbol,2010,emoji,forbidden; no; not; prohibited; sign; smoking; symbol; travel
U+1F6AF,ğŸš¯,do not litter symbol,2010,emoji,forbidden; litter; no; not; prohibited; sign; symbol; travel
U+1F6B1,ğŸš±,non-potable water symbol,2010,emoji,drink; forbidden; no; not; potable; prohibited; sign; symbol; travel;water
U+1F6B7,ğŸš·,no pedestrians,2010,emoji,forbidden; no; not; pedestrian; place; prohibited; sign; symbol;travel
U+2B06,â¬†ï¸,upwards black arrow,2003,text,arrow; cardinal; direction; north; symbol
U+2197,â†—ï¸,north east arrow,1995,text,arrow; direction; intercardinal; northeast; symbol
U+27A1,â¡ï¸,black rightwards arrow,1995,text,arrow; cardinal; direction; east; symbol
U+2198,â†˜ï¸,south east arrow,1995,text,arrow; direction; intercardinal; southeast; symbol
U+2B07,â¬‡ï¸,downwards black arrow,2003,text,arrow; cardinal; direction; down; south; symbol
U+2199,â†™ï¸,south west arrow,1995,text,arrow; direction; intercardinal; southwest; symbol
U+2B05,â¬…ï¸,leftwards black arrow,2003,text,arrow; cardinal; direction; symbol; west
U+2196,â†–ï¸,north west arrow,1995,text,arrow; direction; intercardinal; northwest; symbol
U+2195,â†•ï¸,up down arrow,1995,text,arrow; symbol
U+2194,â†”ï¸,left right arrow,1995,text,arrow; symbol
U+21A9,â†©ï¸,leftwards arrow with hook,1995,text,arrow; symbol
U+21AA,â†ªï¸,rightwards arrow with hook,1995,text,arrow; symbol
U+2934,â¤´ï¸,arrow pointing rightwards then curving upwards,2002,text,arrow; symbol
U+2935,â¤µï¸,arrow pointing rightwards then curving downwards,2002,text,arrow; down; symbol
U+1F503,ğŸ”ƒ,clockwise downwards and upwards open circle arrows,2010,emoji,arrow; clockwise; reload; symbol
U+1F504,ğŸ”„,anticlockwise downwards and upwards open circle arrows,2010,emoji,anticlockwise; arrow; counterclockwise; symbol; withershins
U+1F519,ğŸ”™,back with leftwards arrow above,2010,emoji,arrow; back; symbol
U+1F51A,ğŸ”š,end with leftwards arrow above,2010,emoji,arrow; end; symbol
U+1F51B,ğŸ”›,on with exclamation mark with left right arrow above,2010,emoji,arrow; mark; on; symbol
U+1F51C,ğŸ”œ,soon with rightwards arrow above,2010,emoji,arrow; soon; symbol
U+1F51D,ğŸ”,top with upwards arrow above,2010,emoji,arrow; symbol; top; up
U+1F52F,ğŸ”¯,six pointed star with middle dot,2010,emoji,fortune; object; star; symbol
U+267B,â™»ï¸,black universal recycling symbol,2002,text,recycle; sign; symbol
U+1F4DB,ğŸ“›,name badge,2010,emoji,badge; name; object; office
U+1F530,ğŸ”°,japanese symbol for beginner,2010,emoji,beginner; chevron; green; japanese; leaf; object; tool; yellow
U+1F531,ğŸ”±,trident emblem,2010,emoji,anchor; emblem; object; ship; symbol; tool; trident
U+2B55,â­•ï¸,heavy large circle,2009,emoji,circle; o; symbol; travel
U+2705,âœ…,white heavy check mark,2010,emoji,check; mark; sign; symbol
U+2611,â˜‘ï¸,ballot box with check,1995,text,ballot; box; check; sign; symbol
U+2714,âœ”ï¸,heavy check mark,1995,text,check; mark; sign; symbol
U+2716,âœ–ï¸,heavy multiplication x,1995,text,cancel; multiplication; multiply; sign; symbol; x
U+274C,âŒ,cross mark,2010,emoji,cancel; mark; multiplication; multiply; sign; symbol; x
U+274E,â,negative squared cross mark,2010,emoji,mark; sign; square; symbol
U+2795,â•,heavy plus sign,2010,emoji,math; plus; sign; symbol
U+2796,â–,heavy minus sign,2010,emoji,math; minus; sign; symbol
U+2797,â—,heavy division sign,2010,emoji,division; math; sign; symbol
U+27B0,â°,curly loop,2010,emoji,curl; loop; sign; symbol
U+27BF,â¿,double curly loop,2010,emoji,curl; double; loop; sign; symbol
U+303D,ã€½ï¸,part alternation mark,2002,text,mark; part; sign; symbol
U+2733,âœ³ï¸,eight spoked asterisk,1995,text,asterisk; sign; symbol
U+2734,âœ´ï¸,eight pointed black star,1995,text,sign; star; symbol
U+2747,â‡ï¸,sparkle,1995,text,sign; sparkle; symbol
U+1F4B1,ğŸ’±,currency exchange,2010,emoji,bank; currency; exchange; money; object; office; symbol
U+1F4B2,ğŸ’²,heavy dollar sign,2010,emoji,currency; dollar; money; object; office; symbol
U+203C,â€¼ï¸,double exclamation mark,1995,text,bangbang; exclamation; mark; punctuation; symbol; word
U+2049,â‰ï¸,exclamation question mark,2000,text,exclamation; interrobang; mark; punctuation; question; symbol;word
U+2753,â“,black question mark ornament,2010,emoji,mark; punctuation; question; symbol; word
U+2754,â”,white question mark ornament,2010,emoji,mark; outlined; punctuation; question; symbol; word
U+2755,â•,white exclamation mark ornament,2010,emoji,exclamation; mark; outlined; punctuation; symbol; word
U+2757,â—ï¸,heavy exclamation mark symbol,2009,emoji,exclamation; mark; punctuation; symbol; word
U+3030,ã€°ï¸,wavy dash,1995,text,dash; punctuation; sound; symbol; wavy
U+00A9,Â©ï¸,copyright sign,1995,text,copyright; symbol; word
U+00AE,Â®ï¸,registered sign,1995,text,registered; symbol; word
U+2122,â„¢ï¸,trade mark sign,1995,text,mark; symbol; tm; trademark; word
U+2648,â™ˆï¸,aries,1995,emoji,aries; ram; symbol; time; zodiac
U+2649,â™‰ï¸,taurus,1995,emoji,bull; ox; symbol; taurus; time; zodiac
U+264A,â™Šï¸,gemini,1995,emoji,gemini; symbol; time; twins; zodiac
U+264B,â™‹ï¸,cancer,1995,emoji,cancer; crab; symbol; time; zodiac
U+264C,â™Œï¸,leo,1995,emoji,leo; lion; symbol; time; zodiac
U+264D,â™ï¸,virgo,1995,emoji,maiden; symbol; time; virgin; virgo; zodiac
U+264E,â™ï¸,libra,1995,emoji,balance; justice; libra; scales; symbol; time; zodiac
U+264F,â™ï¸,scorpius,1995,emoji,scorpio; scorpion; scorpius; symbol; time; zodiac
U+2650,â™ï¸,sagittarius,1995,emoji,archer; sagittarius; symbol; time; zodiac
U+2651,â™‘ï¸,capricorn,1995,emoji,capricorn; goat; symbol; time; zodiac
U+2652,â™’ï¸,aquarius,1995,emoji,aquarius; bearer; symbol; time; water; zodiac
U+2653,â™“ï¸,pisces,1995,emoji,fish; pisces; symbol; time; zodiac
U+26CE,â›,ophiuchus,2010,emoji,bearer; ophiuchus; serpent; snake; symbol; zodiac
U+1F500,ğŸ”€,twisted rightwards arrows,2010,emoji,arrow; crossed; symbol
U+1F501,ğŸ”,clockwise rightwards and leftwards open circle arrows,2010,emoji,arrow; clockwise; repeat; symbol
U+1F502,ğŸ”‚,clockwise rightwards and leftwards open circle arrows with circled one overlay,2010,emoji,arrow; clockwise; once; symbol
U+25B6,â–¶ï¸,black right-pointing triangle,1995,text,arrow; play; right; sound; symbol; triangle
U+23E9,â©,black right-pointing double triangle,2010,emoji,arrow; double; fast; forward; sound; symbol
U+25C0,â—€ï¸,black left-pointing triangle,1995,text,arrow; left; reverse; sound; symbol; triangle
U+23EA,âª,black left-pointing double triangle,2010,emoji,arrow; double; rewind; sound; symbol
U+1F53C,ğŸ”¼,up-pointing small red triangle,2010,emoji,arrow; button; red; symbol
U+23EB,â«,black up-pointing double triangle,2010,emoji,arrow; double; sound; symbol
U+1F53D,ğŸ”½,down-pointing small red triangle,2010,emoji,arrow; button; down; red; symbol
U+23EC,â¬,black down-pointing double triangle,2010,emoji,arrow; double; down; sound; symbol
U+1F3A6,ğŸ¦,cinema,2010,emoji,activity; camera; cinema; entertainment; film; movie; object;symbol
U+1F505,ğŸ”…,low brightness symbol,2010,emoji,brightness; dim; low; sign; symbol
U+1F506,ğŸ”†,high brightness symbol,2010,emoji,bright; brightness; sign; symbol
U+1F4F6,ğŸ“¶,antenna with bars,2010,emoji,antenna; bar; cell; communication; mobile; object; phone; signal;symbol; telephone
U+1F4F5,ğŸ“µ,no mobile phones,2010,emoji,cell; communication; forbidden; mobile; no; not; object; phone;prohibited; symbol; telephone
U+1F4F3,ğŸ“³,vibration mode,2010,emoji,cell; communication; mobile; mode; object; phone; symbol;telephone; vibration
U+1F4F4,ğŸ“´,mobile phone off,2010,emoji,cell; communication; mobile; object; off; phone; symbol;telephone
U+0023 U+20E3,#ï¸âƒ£,keycap number sign,2000,text,hash; keycap; pound; symbol; word
U+0030 U+20E3,0ï¸âƒ£,keycap digit zero,2000,text,0; keycap; symbol; word; zero
U+0031 U+20E3,1ï¸âƒ£,keycap digit one,2000,text,1; keycap; one; symbol; word
U+0032 U+20E3,2ï¸âƒ£,keycap digit two,2000,text,2; keycap; symbol; two; word
U+0033 U+20E3,3ï¸âƒ£,keycap digit three,2000,text,3; keycap; symbol; three; word
U+0034 U+20E3,4ï¸âƒ£,keycap digit four,2000,text,4; four; keycap; symbol; word
U+0035 U+20E3,5ï¸âƒ£,keycap digit five,2000,text,5; five; keycap; symbol; word
U+0036 U+20E3,6ï¸âƒ£,keycap digit six,2000,text,6; keycap; six; symbol; word
U+0037 U+20E3,7ï¸âƒ£,keycap digit seven,2000,text,7; keycap; seven; symbol; word
U+0038 U+20E3,8ï¸âƒ£,keycap digit eight,2000,text,8; eight; keycap; symbol; word
U+0039 U+20E3,9ï¸âƒ£,keycap digit nine,2000,text,9; keycap; nine; symbol; word
U+1F51F,ğŸ”Ÿ,keycap ten,2010,emoji,10; keycap; symbol; ten; word
U+1F4AF,ğŸ’¯,hundred points symbol,2010,emoji,100; full; hundred; office; score; symbol
U+1F51E,ğŸ”,no one under eighteen symbol,2010,emoji,18; age restriction; eighteen; forbidden; no; not; prohibited;symbol; underage; word
U+1F520,ğŸ” ,input symbol for latin capital letters,2010,emoji,input; latin; letters; symbol; uppercase; word
U+1F521,ğŸ”¡,input symbol for latin small letters,2010,emoji,abcd; input; latin; letters; lowercase; symbol; word
U+1F522,ğŸ”¢,input symbol for numbers,2010,emoji,1234; input; numbers; symbol; word
U+1F523,ğŸ”£,input symbol for symbols,2010,emoji,input; symbol; word
U+1F524,ğŸ”¤,input symbol for latin letters,2010,emoji,abc; alphabet; input; latin; letters; symbol; word
U+1F170,ğŸ…°ï¸,negative squared latin capital letter a,2010,text,a; blood; symbol; word
U+1F18E,ğŸ†,negative squared ab,2010,emoji,ab; blood; symbol; word
U+1F171,ğŸ…±ï¸,negative squared latin capital letter b,2010,text,b; blood; symbol; word
U+1F191,ğŸ†‘,squared cl,2010,emoji,cl; symbol; word
U+1F192,ğŸ†’,squared cool,2010,emoji,cool; symbol; word
U+1F193,ğŸ†“,squared free,2010,emoji,free; symbol; word
U+2139,â„¹ï¸,information source,2000,text,i; information; symbol; word
U+1F194,ğŸ†”,squared id,2010,emoji,id; identity; symbol; word
U+24C2,â“‚ï¸,circled latin capital letter m,1995,text,circle; m; place; symbol; word
U+1F195,ğŸ†•,squared new,2010,emoji,new; symbol; word
U+1F196,ğŸ†–,squared ng,2010,emoji,ng; symbol; word
U+1F17E,ğŸ…¾ï¸,negative squared latin capital letter o,2010,text,blood; o; symbol; word
U+1F197,ğŸ†—,squared ok,2010,emoji,ok; symbol; word
U+1F17F,ğŸ…¿ï¸,negative squared latin capital letter p,2009,text,parking; place; sign; symbol; word
U+1F198,ğŸ†˜,squared sos,2010,emoji,help; sos; symbol; word
U+1F199,ğŸ†™,squared up with exclamation mark,2010,emoji,mark; symbol; up; word
U+1F19A,ğŸ†š,squared vs,2010,emoji,symbol; versus; vs; word
U+1F201,ğŸˆ,squared katakana koko,2010,emoji,japanese; symbol; word
U+1F202,ğŸˆ‚ï¸,squared katakana sa,2010,text,japanese; symbol; word
U+1F237,ğŸˆ·ï¸,squared cjk unified ideograph-6708,2010,text,japanese; symbol; word
U+1F236,ğŸˆ¶,squared cjk unified ideograph-6709,2010,emoji,japanese; symbol; word
U+1F22F,ğŸˆ¯ï¸,squared cjk unified ideograph-6307,2009,emoji,japanese; symbol; word
U+1F250,ğŸ‰,circled ideograph advantage,2010,emoji,japanese; symbol; word
U+1F239,ğŸˆ¹,squared cjk unified ideograph-5272,2010,emoji,japanese; symbol; word
U+1F21A,ğŸˆšï¸,squared cjk unified ideograph-7121,2009,emoji,japanese; symbol; word
U+1F232,ğŸˆ²,squared cjk unified ideograph-7981,2010,emoji,japanese; symbol; word
U+1F251,ğŸ‰‘,circled ideograph accept,2010,emoji,chinese; symbol; word
U+1F238,ğŸˆ¸,squared cjk unified ideograph-7533,2010,emoji,chinese; symbol; word
U+1F234,ğŸˆ´,squared cjk unified ideograph-5408,2010,emoji,chinese; symbol; word
U+1F233,ğŸˆ³,squared cjk unified ideograph-7a7a,2010,emoji,chinese; symbol; word
U+3297,ãŠ—ï¸,circled ideograph congratulation,1995,text,chinese; congratulation; congratulations; ideograph; symbol; word
U+3299,ãŠ™ï¸,circled ideograph secret,1995,text,chinese; ideograph; secret; symbol; word
U+1F23A,ğŸˆº,squared cjk unified ideograph-55b6,2010,emoji,chinese; symbol; word
U+1F235,ğŸˆµ,squared cjk unified ideograph-6e80,2010,emoji,chinese; symbol; word
U+25AA,â–ªï¸,black small square,1995,text,geometric; sign; square; symbol
U+25AB,â–«ï¸,white small square,1995,text,geometric; sign; square; symbol
U+25FB,â—»ï¸,white medium square,2002,text,geometric; sign; square; symbol
U+25FC,â—¼ï¸,black medium square,2002,text,geometric; sign; square; symbol
U+25FD,â—½ï¸,white medium small square,2002,emoji,geometric; sign; square; symbol
U+25FE,â—¾ï¸,black medium small square,2002,emoji,geometric; sign; square; symbol
U+2B1B,â¬›ï¸,black large square,2008,emoji,geometric; sign; square; symbol
U+2B1C,â¬œï¸,white large square,2008,emoji,geometric; sign; square; symbol
U+1F536,ğŸ”¶,large orange diamond,2010,emoji,diamond; geometric; orange; sign; symbol
U+1F537,ğŸ”·,large blue diamond,2010,emoji,blue; diamond; geometric; sign; symbol
U+1F538,ğŸ”¸,small orange diamond,2010,emoji,diamond; geometric; orange; sign; symbol
U+1F539,ğŸ”¹,small blue diamond,2010,emoji,blue; diamond; geometric; sign; symbol
U+1F53A,ğŸ”º,up-pointing red triangle,2010,emoji,geometric; red; sign; symbol
U+1F53B,ğŸ”»,down-pointing red triangle,2010,emoji,down; geometric; red; sign; symbol
U+1F4A0,ğŸ’ ,diamond shape with a dot inside,2010,emoji,comic; diamond; geometric; inside; sign; symbol
U+1F518,ğŸ”˜,radio button,2010,emoji,button; geometric; radio; sign; symbol
U+1F532,ğŸ”²,black square button,2010,emoji,button; geometric; sign; square; symbol
U+1F533,ğŸ”³,white square button,2010,emoji,button; geometric; outlined; sign; square; symbol
U+26AA,âšªï¸,medium white circle,2005,emoji,circle; geometric; sign; symbol
U+26AB,âš«ï¸,medium black circle,2005,emoji,circle; geometric; sign; symbol
U+1F534,ğŸ”´,large red circle,2010,emoji,circle; geometric; red; sign; symbol
U+1F535,ğŸ”µ,large blue circle,2010,emoji,blue; circle; geometric; sign; symbol
U+1F1E8 U+1F1F3,ğŸ‡¨ğŸ‡³,flag for China,2010,emoji,china; flag; other
U+1F1E9 U+1F1EA,ğŸ‡©ğŸ‡ª,flag for Germany,2010,emoji,flag; germany; other
U+1F1EA U+1F1F8,ğŸ‡ªğŸ‡¸,flag for Spain,2010,emoji,flag; other; spain
U+1F1EB U+1F1F7,ğŸ‡«ğŸ‡·,flag for France,2010,emoji,flag; france; other
U+1F1EC U+1F1E7,ğŸ‡¬ğŸ‡§,flag for United Kingdom,2010,emoji,britain; british; cornwall; england; flag; great britain; ireland;northern ireland; other; scotland; uk; union jack; united; united kingdom; wales
U+1F1EE U+1F1F9,ğŸ‡®ğŸ‡¹,flag for Italy,2010,emoji,flag; italy; other
U+1F1EF U+1F1F5,ğŸ‡¯ğŸ‡µ,flag for Japan,2010,emoji,flag; japan; other
U+1F1F0 U+1F1F7,ğŸ‡°ğŸ‡·,flag for South Korea,2010,emoji,flag; korea; other; south; south korea
U+1F1F7 U+1F1FA,ğŸ‡·ğŸ‡º,flag for Russia,2010,emoji,flag; other; russia
U+1F1FA U+1F1F8,ğŸ‡ºğŸ‡¸,flag for United States,2010,emoji,america; flag; other; stars and stripes; united; united states